<application>
  <component name="MaterialThemeConfig">
    <option name="compactSidebar" value="true" />
    <option name="darkTitleBar" value="true" />
    <option name="isCompactStatusBar" value="true" />
    <option name="isHighContrast" value="true" />
    <option name="isWizardShown" value="true" />
    <option name="pristineConfig" value="false" />
    <option name="useColoredDirectories" value="false" />
    <option name="settingsSelectedTab" value="6" />
    <option name="tabsHeight" value="42" />
    <option name="accentColor" value="607d8b" />
    <option name="selectedTheme" value="ONE_DARK" />
    <option name="userId" value="315b9426:169529d53dd:-8000" />
    <option name="version" value="4.4.6" />
  </component>
</application>