<application>
  <component name="ParameterNameHintsSettings">
    <blacklists>
      <blacklist language="TypeScript" />
      <blacklist language="ECMAScript 6">
        <added pattern="jest.Matchers.toHaveLength(expected)" />
      </blacklist>
      <blacklist language="JSX Harmony">
        <added pattern="jest.Matchers.toEqual(expected)" />
        <added pattern="WrapperArray.at(index)" />
        <added pattern="BaseWrapper.trigger(eventName,options)" />
        <added pattern="jest.Matchers.toBe(expected)" />
        <added pattern="jest.MockInstance.mockResolvedValue(value)" />
      </blacklist>
      <blacklist language="JavaScript">
        <added pattern="*.at(*)" />
        <added pattern="*.toEqual(*)" />
        <added pattern="*.trigger(*)" />
        <added pattern="*.toBe(*)" />
        <added pattern="*.mockResolvedValue(*)" />
        <added pattern="Promise(executor)" />
        <added pattern="setTimeout(handler,timeout,arguments)" />
        <added pattern="AxiosInstance.get(url,config)" />
      </blacklist>
    </blacklists>
  </component>
</application>