<application>
  <component name="ParameterNameHintsSettings">
    <blacklists>
      <blacklist language="TypeScript" />
      <blacklist language="JSX Harmony">
        <added pattern="jest.Matchers.toEqual(expected)" />
        <added pattern="WrapperArray.at(index)" />
        <added pattern="BaseWrapper.trigger(eventName,options)" />
        <added pattern="jest.Matchers.toBe(expected)" />
      </blacklist>
      <blacklist language="JavaScript">
        <added pattern="*.at(*)" />
        <added pattern="*.toEqual(*)" />
        <added pattern="*.trigger(*)" />
        <added pattern="*.toBe(*)" />
      </blacklist>
    </blacklists>
  </component>
</application>